character-set-server = utf8
character-set-filesystem = utf8
ALTER DATABASE lgt CHARACTER SET utf8 COLLATE utf8_general_ci;
ALTER TABLE trip CONVERT TO CHARACTER SET utf8 COLLATE utf8_general_ci;
ALTER TABLE tripsd CONVERT TO CHARACTER SET utf8 COLLATE utf8_general_ci;
ALTER TABLE user CONVERT TO CHARACTER SET utf8 COLLATE utf8_general_ci;
ALTER TABLE message CONVERT TO CHARACTER SET utf8 COLLATE utf8_general_ci;
INSERT INTO `user` (`id`, `accountNonLocked`, `avatar`, `birthDate`, `created`, `NAME`, `PASSWORD`, `PHONENUMBER`, `SURNAME`, `USERNAME`, `token_id` ) VALUES(1, b'1', NULL, '1982-03-03 00:00:00', '2017-09-25 22:41:00', 'Jacek', '$2a$10$0y3cPgOv9Od8Y7zoy.KpvO9Smmm.zzxo3E96O9VwBn.VZeLH6vrrW', '222222222', 'Kowalski', 'admin@user.pl', null),(7, b'1', 0xffd8ffe000104a46494600010101006000600000fffe003c43524541544f523a2067642d6a7065672076312e3020287573696e6720494a47204a50454720763632292c207175616c697479203d2039300a00ffdb0043000201010201010202020202020202030503030303030604040305070607070706070708090b0908080a0807070a0d0a0a0b0c0c0c0c07090e0f0d0c0e0b0c0c0cffdb004301020202030303060303060c0807080c0c0c0c0c0c0c0c0c0c0c0c0c0c0c0c0c0c0c0c0c0c0c0c0c0c0c0c0c0c0c0c0c0c0c0c0c0c0c0c0c0c0c0c0c0c0c0c0c0cffc0001108007200ca03012200021101031101ffc4001f0000010501010101010100000000000000000102030405060708090a0bffc400b5100002010303020403050504040000017d01020300041105122131410613516107227114328191a1082342b1c11552d1f02433627282090a161718191a25262728292a3435363738393a434445464748494a535455565758595a636465666768696a737475767778797a838485868788898a92939495969798999aa2a3a4a5a6a7a8a9aab2b3b4b5b6b7b8b9bac2c3c4c5c6c7c8c9cad2d3d4d5d6d7d8d9dae1e2e3e4e5e6e7e8e9eaf1f2f3f4f5f6f7f8f9faffc4001f0100030101010101010101010000000000000102030405060708090a0bffc400b51100020102040403040705040400010277000102031104052131061241510761711322328108144291a1b1c109233352f0156272d10a162434e125f11718191a262728292a35363738393a434445464748494a535455565758595a636465666768696a737475767778797a82838485868788898a92939495969798999aa2a3a4a5a6a7a8a9aab2b3b4b5b6b7b8b9bac2c3c4c5c6c7c8c9cad2d3d4d5d6d7d8d9dae2e3e4e5e6e7e8e9eaf2f3f4f5f6f7f8f9faffda000c03010002110311003f00fc41861eded8ab514393525bdbe40cd5b82cc918c6335f5b0a6fa1f1952a95d2120e3d0548968d2745ce6ae476ea84291c8a9ad9bcb6200cf5e2ba2348e69557d0a29a6483a2fe94efecf914f299fceb6eca747902b8001e86a7b99ade03ef5d0b0d16af7399e2a49dac73a2c24240da47eb4efece71d8fe20d6bc9751bf41c7d29f6f345e660febda85878770fac4bb1909a7b1ec49fa53869ce9fc0d8f5c56fef814e772938a58e5858e09fd2b55868f73378a97639f1060743f4f5a5d809ee71f9d6a5c59869495e01f4a85acc83923f4a8746da1a2c414446107dda7a282471c7b56b5a6928f102704fa5483488c1c003f1aa8e1d99cb151320a01c71ebc76a431a9ea08fad6cae9098ced029e3478c0ce0557d5e447d6628c31176c7e7d28f2b83f5ab57c89a7f985d9523404b331c003d73d857d3df0dbfe0901f1a7c6ff000dec3c59aae8f0f84346d5658d2d57540c6f3ca7207da66b7405ada050412f3ec38230a4329253c3cea4fd9c15d856c5d2a34fdad5928c7bb3e5811e4f3dcd061017bfe06bd9fe227ec45e31f05782af3c4fa4cfa378dbc33a6bcab7fa8681334cda708d82b3cd0baa4a91e587cfb4ae08248041af2110e7072391ea0d5d7c1d6a12e4ad1699386c750c443da509a92db4efd9f67e456308c91d28f27238e2acf9449ea3f4a530b019cd61c86fed0a66222a296db3d7afad5f1131f43f414d64dc70540fa5274cb8d53267b52a09ebef508b5e3a56c496fbb3b48fa55668b0c473f9560e8ea6d1aba096969cf4ff00eb5695bd86e3d315169d7103217f3ede5521b6ec95770c05259908deaa0124e40cf38270717df52b6b192259494336767cbd406db9fcf8f73c0c9ae8a0a16bdcc6bc6aa76b3217d199df23a1ad6f0778264f15788ed749b5d86fafa68ede1593700ceec1541c027a903807af4a7c379169d2a4b27964c4e0989f04b3291f232f381d73918e31debdc3f6666bbd27c61a75edf69f717d6d650bdb4b0a32a18a398b79cd1ee1b448cac54164902f1b95b685af5f0381857aaa9c7af63c7c763a787a2ea4ba7c897e177ec09e1df1afc2cf13f8835ff8b9a1781f5af0ceaa9a6cda2ea9a1df4be6c729f2a2bb4b8b75917c8fb5892ddcedcc7245b5f699101a7e33ff00826a78b3c33e027f1458f8cbe16f89b4548659bcdd3b5c9eca493cb2db9522d4edad2491b0a182a062449101969115beabd2fc53f097e17782efedf49f84d2e9babdc5ba4896724cbabdb4382ab0cdfe960ac8d1ed62acd1ed57924243891eb77e147edabe0fd2a1f11defc5af02f87b5db01a7a5959e9d61216bd10aa155b328a5616b755798c8f2919f30e22600463daadc2ee8294aac9f924bf53e6e9f16cb1165878697ddef6f24bfccfccb7f06dc69f7cf692daceb751b985e13191223824142b8c86047208cf06ba4d5bf663f1e58e867549bc13e2fb6d344626377268f70902c64643972980a4773815edba1f853c3de303e23f17339f095c4fad8d2f48b6b8f26eedf4bb79e1bb999677605c2aa471e278e17695c38cc64e575be227c7df117c4c9e1d03c3f73afb6876ad3c13cd6b24a63d6613261185b801b94550ccdc64f0106056387ca284e2f9dbbf44927f79d988cdf130947d924d7dabbb5bd3b9f38f863f676f1af8c2112695e10f16eab113b44967a3dcdc2123b6e4423f5ab7e37fd9a7c65f0b9277f1368577e1e6b5863b89a1bfdb0cd0c720631bbab1ca070ac46464800e30e84fd03a7fc66f141d26f3c36d77aaf8774e791a636cd24de62fde61e6127cc217920393804939acdd1fc19068ba6dedf49f63d5aeb532c2f2d5253340c0ee6dd3052adb5881cef0c0b654e45744b8729b8f351937deff00e5b9cd4b896a29b8e222927b59deff00e5f89e03e39f861acf812081ef6ce58adeed99609ca911cc42c6e769ee364b136464159148241cd7369195c8201fe95f512fed5ba7f89be06fc37f857f1a3c2d711e97e0992fedb47f1568ad21b98edaee58e57578a420ccd6cca5a38dd943249b18a7c938e57f6a1fd94e1f80de3f9ac34df10e8fe31d06e238aeb4bd734997ccb5d460955591b69c49193bc63cc54de06e5ca9af0beaea7f0e92d6e9deeaddf4ebb9efcb12e93f7f55d24b677edd74eba1e14011d334fb75fdf8dcdc77f6ad6934958c918c11ed50be9d83f7462b3746499a7b78bd86cb3c70838c1c5549ae9e5242f03d0559364436314bf632077ff0a728c99109416a7d11ff00048bf833a2fc56fdb574fbef114d6a9a3fc3fd16f7c5f225cc6648a6b8b7314167b8608db1dedddacc41560560652086c57b87ed237fabfed7dfb453e83aa7c4bbb8bc09afeaf25e696d34a930b195005696e2166044b23bac6a509dc5b95023da3e60fd89ff0068a3fb2afc7bb6f11dd5b9bfd0354d3af3c3de20b2c1ff004dd3af22d92af1f3028eb0cc3690498001d4e7d5fc4775a17c22d322b2d3615d52ea6d5ac758d1358822b9f3993cb7da6ddd5d52454dfc8de0b11195701594fd0f0fe1e9fb3ab2a96bdd75d6c96ddfb9f2fc4b5ea3c451f677d22d2d2e949bdfb5d2e5f548faabc17f1ef53f027c63d634df0c5c789756d2f49b43a3ea2d7e9693db4f6e55c4d1ac505ba4685d02a9277093cadc513728afceff00db9ff67e87f672fda8bc4be19b485adf4d616faad8dbb023ecf6f770a5ca4633fc2824dab9e76aae72726bf5d7fe095df0cb51fd90bc07f11be217c5cb6bad2fc1f76f6734babf89e53f60b54b79199a4b7998ee6899e72a87cd2d3b20408cc029fca5ff0082827ed331feda5fb63f8f3e23da584da568baedf2c3a258ca8124b3d32da24b6b38dd57215fc88632ca090accca1980c9e7cfb33a788aab0b4e92bc1ddcae9bff000fdff97c8ae16ca6ae154f193aada9251e5b349b5f6b5f2eddcf09fb21cf4fd290daf078cd699b3238c0fc6816278e719f6af0fd933eafdb1966dbcb52473ed51fd9f1dbdab55ec3af0327da986d303818cd4ba4ca8d64654b6e00f71fa55736eb939c56e3d8e0743d78ef511b2c1e82b3951772d6223dcf30b5676ca80cdb1727032067033f9e3f21ed5bda1f8c751f0f5b6cb6bd96de29c337971c8087cfca491ce0e00ebcf0a7b29ac1580ef3bcf087aeee98e981fe7ad29764285836d38c103a8e9bbf3eb815f334ea4a1aa3ec6ad38cf43a56f15dd4d78d3bcc935c32805a751379842edc90fb867ea78c8c54fa278f756f0dc84d8dedd5a96d98f264291b6d070194821be6c1c13d9863e6e39820a124b3608e7b8ce703f967f1a58e620633fbbe72a4f19cfa67dbbd74ac5544ef16ee72cb094e4ad249a3d8fc37fb6778bf4a8c47a95dff006edb0568d12e9b63853d830e83a647391c7bd741a2fed77a55fcb8d7bc25e745bd63492c2f4c770226cac80b32365b95d980a032e4860315e0105bacca44b3cf8589b600c0e4e323ef7f09fc4f4a6866b699943c6c109198f76d61ea09c1c7b119c76af4e1c438f8a51751b5e7afe67993e1bcb9fbca9a4fcb4fc8fb7b46fda07e0978e628bc2b7179e26f0e78625822bbb87d42fee1e19ee97ce75596286331a796542f9d1c53cc05ccac8b3b22407e8efd9f3f6a0f825e05d76efc3f6b71e1b86d34c4856df5bf19c3a86a57b67e498b98a2821b49e0b766b8386da124119731aa33a27e4d0d45a1624f1803a1196f5ff1ab96ba8c72322c912491a95255c0cb8c018e082063d38e7be6bab0fc475e137256d7cadfd7e47978de11c2d6a5eca4e56f5bfe7f89fa8df1d7c0ede13d2e6d4e7d674ad4340f11389ad75ad2f5249ecb538db95210627da1d482b3468c0c6d85e38f23f137c24d6e0f0d8bcb1f15dbc77f1c257fb30da9097726640f0c5710a492464155db2150bfbd2afe594723e42f0cebb61a1dfda6a5e1dbdd7fc33e28d36649b4dbb8ae9585a3aae55a29942cd0485c1d8ca490429c8ea3d7bf621ff828a7897f637f11de4777e1ff000ffc41f06eb3653d9dee81afc0258bf78a00b8b67c318274750c1802091264658b2fd0d5e2c55a3cb888b5a68e0d27f3baff0023e7e8f064f0def6166a4efaa9c74b796bfe7f23ea4f06fecd56df103c3771e1ad65751d662bf292c697520966d3e531811cc8ce03a301965dc70371196dc436d7c32f815e2ef856d73e0af1124fe20f07eb31416fa66a36968bf69d026df19507019e4899d0129ca48b91f2c9b54f84e8ff00f05356f0cea16179a5786a2b8d20b28bb88ea6c9a9dbaf50b1ee42840604eeee0a8386393f49685ff0556f85df173e1a2bc9ab6b3a0dfc73ac52dbea301f3d5c8e594c24ab46f8624aba375c8f94ab7d7fd7724c4d48c28d45192d2eeeaebe7bfe87c2e2705c4b8452a9568f3c24f6567cafbab5da7f9f53e6df8e7fb12f8e3c05ab99354d22e5e2bebc296b7df26c2af1192384aa6ee4e1954e48385000dc0578f78b3e19eafe0d8eda4bfb30905e217b79a29a39e1980241db246cc84820823395208201040fd201ff000516f097c3af08c675cf177863c45a1bdced8c417c26bcb5670ce30bcbb270410e320ba65c93599e35f8a5fb2ffed05a35fdf3f8e3c21a6eb17e14dc2ddac913cee0aa8906c1e5bbe02825cc4f851feb36003831b95e0e2da75637f269aff33af019e6652b7b4c34b97ba8b5f9e9f75efd8fcd47b4c8ed42d9a83fe4d7a6fc6bf8616fe07d627b8b0bad3353d09e62b0ea3a5df2ea164a1b0c8af32002362ac06240849cf04609e3469850746fcabe7eae13924e0fa1f5b4b17cf053b5ae619b451db35defc15fda63e247ece5237fc20de37d7fc3b6ef289deca2916e34f794105656b49d64b76901191218cb0e70464d736d6046701bf2a05812790c39f4ac658452d248d238c71d533abf8f3fb54fc52fda9ae2d5fe23fc42f16f8d23b07df6b69a95fb358d93631ba1b54db0424800131a293819e95e78f67ed8adc4d25a4c610b523e92f181946071dc538609415a0ac8278f7395e6eecc4fb201db1ef8a4fb27ebc74ae82dfc3b7374c7644d800962570001dc9e98a8ae74d5b69c44d3db798403b4ca0120f4c73ce6a9e19a5aa2562d3764611b1079c629a6c73d0007eb5daf843e1c5c78c27bb4b40267b2b66ba9562532304560a785049e580e3bf1deb0ef6ce282670accc8a3ef952ab8ce3a903be47e14a583718a935b84317ccdc53d8c4fb11ed834efb17b2fe95ab158899d427cdbce1482304e7d6b565f879ac5b4ad1cba46b51c9192aead63282a47507e5a8f628d5e22db9f30add9b824c29928b91df9c818fe7fad116a6440817a3bedda79eb9e07e6338ff0af72f177ec39a9f86f48d3562b796e6f6fa1173f6d8af96e74e991f8663244bfe8eb11653219c2aa06662fb0a93e8fe02f06685a87c4cd6742f885a65bebde228d2d62b292eb4c9a65cc3196bab188c0ad1ab223f0fb1d8cb1a020f98f5f1d4325c4caa7b2a9ee3db5dbfaeda3b9fa0d7ce30b1a5ed697be96ba6af7b7e1d75563e50b7659a650a1919cfeef7b0c363dcf4fc8feb4e96de7b1f31995d3ca3d48e076c63eb93edc1ef5f5a7c49ff827be9bae68726a3e14d4b4db41a7a931b9bcfb2c37b6a2648a494a5c49b92e144b16633e52bef565391222f2d3ff00c1347c71a8eb50e352d3ff00b29ade1fb6dd14b89634322b3948cc513212a136960e57711ce1588eaadc3598d376f66df9ad8e2a1c4d96558a92aa9793dfeefeb5d373e7bb3b7793e66c042484078ded8071ebc64f34fb6198983024865e554ee2a7dbd79c81ee2bd4b52fd877c7ba44fac26a5a4dd25ce8b2ca761b84532f96c819d43903630937039f9b691c75ad33fb04f8e74cd474c84fd82d966496569e6d56d4c707948c1c6d463216ca32e2357cf073fdde586558d7b5297ddf23b2799e097c5562be76f3fc8f237b2f35436fc38851d5075fbdd3df8c727ebda9f05bfc9e5b4910959880083b5ce76fa7b83ebd6bd6be1cfec21f107e25477bf65bbf06d92d8dafda3373ad4004cbcefe613208c6067f79b0e5b8042b6dcad73f65cbdf0bf896db4ad4bc63e0eb3b9beb2377248dacc13db4441198fcc85a400e3a6486e4fca369c69fd998b515374da4fbd97ea65fda7837374fdac5b5ad93bbfc0f3c8eda21708c9212af8742b91b4952467b01c7e9f8d6a7f640f2e0c5c2cd9650833c052aa723f13d3ae7a6472772dbe01169af47fc279e0255b28999546a3979c0d84045c0c03bf1c91c464e304557bef86769a3da4134df12fe1c46d35baca162b9beb99118286f28886d5c6e5dfb724ed3b4e09c66b3f63520af38dbe68db9e9cdda12bfc994bfb1e0b785664999082c0aa92c15b25006efd413edf422af5b69f7b6365710477de6c3784890a3a9593690537a9201391804f239f42ad9ba6f8674d920466f1ff846dcedc90d6faae415523fe7cb6e4e3d71c9e99a58bc3da6aa34abf127c251b2e4aa9b6d64eff4d87ec1df191bb18a6aaa5ad92f9aff00307879bd2ff83ff235d352bf8a1db7114baa8817e4667deb12e08041feee4af009eb8c76a9e26d2869f2ca34d822b98d821db23e138041da7e6f9806e982370eb9159c9e14d216d207ff0085a5e0f02419684daeb27c925883b80b1c740a7a83fecf425b35a59585e9fb3fc4af0c381b9770b6d5d1dc11cf22cf8ee300ff0017715d31c434aeed6f58bfd4e4960efa2ba7e92ff23aef0ce91a5c524b23eac2cd8c64249b08600c6f94661fed0298e0307cfcb82b5a73d9db695a3dc49a6eab2a35b0cec01a16604a2f0a4f53b89c02785e324e071367a7685b9fcef1ae8c480c23f26db50658476c2b5aa1246720ee1f74654d69695e1df0c4d76526f1c2dc43caecb682e2da4940e465da191400403f74fe0718f46862bddb452bff00897f99e56230294af36fff00017fe44b67f13753d3df77db9a50a7912a2ccbf4f981f5ec735b1a47c79bad36549ae2cb47bd5cb0459edf6aee1ebb48040feef7c73c543e23f02fc38b3d03cd83c5badda5f23288d66816eade5c919cb2451381c920053d077e6ade81a37c3ad3eff4a46f194dac5ab831ddd85df87a451329c2feea704b03800a9645319ce0b1e5ba63571509f2f3affc097f99c92c2e0aac1ce506ff00edd7d3e476ff00073f6c3b3f86d7cef7fe03f0f7891d9cbb9b996e14aa673b502b6d1c13c9527d73d4fa06a3fb53f807c4b2d9ea36df08f5eb1ba06491ed61f11c93d8dd01dc2bc058664665c92c14ec0391b466fc2bd3be09ddf8deda23a5df42db6486dfecf1c8cf20c498057ecc59a471f21f9c2636fc806eabbf1fb45f861a27eceb27883c3d75e18fed5bcb7923b5d20c7756d7c99f38899ee26b6b7b62a8514054ccad9033b7794fa5a788c751a1cd2ad16a377a2bedf2dfd743e4eb60b2eaf8a515426a52b2bddc77f49229f8bff6b7f0b2bd859dc7c3cbfb4b2b09ad6f47f66eb30bc16b2465b62c5341f7d5f3977965693726418ca571de2dfda8341d6add47853c0d2d935a4b2b388e64bd86391d95832a0888562320a67682dc657e53e51e15f046b7a4c89e26bdd67e1fea84c24b5aeab7d06aaf215641831aac83710368390557f8978357bc39aef8f2d66b8b7b4d4b4c686fad62b188cb7366c2d23562e890995f102abb28ddc60331cf535e1cb8871d35fbcd13fee45b3e921c2f9741feef5e5fefc92bf5eba9e95a37c647d0a5d53c8f079d12f2f6092fb4d9a79e388daa10e159b7797ba2dc9da33b826d0a439cf496de1df0a780b4e93c61e33f1068d1e97aac33c89a5e8ba8ac97faa48238e48a3f2dd246819fcd277cd6c916cc919f943fcfda8d878b7c07e1cb8d46e3c5567671298e71676fa91ba2e576fcd888b265249ca92ce092cf8c8dc4753e0af0be89f1520d0ef7c4fe3cd5751bdb6065b8d356fc8be8d59d247917cc578fcb312cc3e5656531c6cc31220310cdb1152d45af7fa5ec92d7f3dcd6791e1a9af689da0f7e5e66de9df5b6b62f7c52fda02c3c43e3882ffc29e1db2f07e9b621447149adcd73f69c4ee1a692e479724d213b0828555426540048af2dd53c7525cea77123eaba6abc92b33048e1650492782ea5c8f7624fa926b3fe21da47a6f8f22d1b4fd3ae6ca68eebc96123cce06e67646c491ab80222a79e490ed81b82afa6d8dd789ad2ca18a0d42330c48a9198f579990a8181b487c118e98e2bc5faed6ad5249cb67d36fd0f6e382a385a71e45a35d77b7abbdcf2cd7bf699f12f8a1accdc5d4866b01188c80044a236cafee80f2f9e371284b050092320ee7873e30695a6f88b51d5bc444ea9abde0884324310b88f0d1b2cb21dcca04ce028276919663f78035e48d12302379e9b79e94f8c46a8aa170339ff000af029e69898cfda4a5ccf7d75d7d0f7aa65b87943d9c5597969a7a9ec9e2efdb3bc59a85b1b2d12f27d26ceed3f78900f2760f344ad12804e119d5371cee93cb4dc4ed5038ed57e3778c2ef5b6d464d6666bb11468f26033cad1a954dc71f332a92371c9c7d2b9059554e0120f7feb4e5941cfde39e739eb5a55cd317565cd3a8fefd8ce8e5985a2b969d356f42ec9acea0d14f0bdccb243793b4d323316577382ce54f1b8955c9ea70339a6a6b57534d148f348248804120243aa940a403d718c8c7a5561711e4e4b72a48e7a9a75a4f124a86489dd15c165df8de33c8cf6c8ef5c7cf2fe63adc5761b208f69794ee3b467cc39cf3effd6bb1b4fd9cfc7f75e037f1541f0ffc6efe15405ceb31f87ef0e9eaaa412de788fcbc0001ceee315d17c1efda26d7e11f8f9754d1746b7f0fa2bb08eea089352bf8223d1375ce54f0082d18898e73904295f7bf087fc14066f046af6de298bc79748ffb90de1bb5b6bdbadc23460b131bef3218d5410bbe37676070e583495e8e1f0546ac6f3aa9775faead1c18ac66229bb429b7db5fc344edebf7e9a9f19ac4a176e158003381c773fd6a5da72a30187008edebf967fa56cdd3bf89f5d9ae238239751d4ae1a45b6b3b70885dc92022a8000dc78551d2bd53f625fd85bc5ffb7478cf5ed33c3771a669765e14d0ae7c43aa6a5a94fe4dbdadac1b4119c72eccea00fa93800d73c30b29cd53a6af7d8d2b6329d2a6ead57ca96aee78b08c43b5410481d39e31ff00d6a14290582311d493d6ba99fe1d4f0c50793241b64199252795fc3f1adbd2fe1969f6ba5afda2ee49a5771bf68c7fc07f4aea865b5e52716ad6f338ea669422b9af73cfa285df9f298e38249c76fa54a8a8b0b6e8a4662780241c671fecd7a7ff00c2b9d3f578146d6b4851b2652fcbe01181f5ebf857a77867c17f06bc33f0eeeec96c7c43e26f1bea46148591c416560c27de54f52c5913692718dc48195e7d1c3f0fd5a8dfbd14bcdfe4b76cf3711c49429a5684a4dbe8b6f36f648f9b746b68b519d556d7517c71fba914ff0035aeb746f84d6fa8a86687588b3dc98f8e7fddf6afa2fe14feca3e19d02ea2bad72e8dd30404dac24a80f9eedd718f4fe95ed1a5785be1f69b12a47a1d9b05180599d89f7c935f5f94f0155a90e6c4ce31f27ff0363e2b39f11a9529f261212979aff827c4d67fb3bd96a2c8bf69d653d3e58c9fe55d5786bf635b5d4d531ac6ab6439dad2c518c83edd7f1c7ad7dc5f0bbc1de0cf17f8a61d3edf44d3d14413dccae23de5638a2691b8cf24ed0bf5615ce49e2af0c6a3e7993458ad6e659a386d90439c825812cdc636ed258e470a738e31f4d4780b2f859d5945ff00e05f99f2753c47cceab70a3192b7947fc8f9dbc31fb03df8d5219e2f116b020e4f9d1c11baa8e79c86ff00f57156f5bfd879af152c66f15ea12c4418f6b5aab0ea71fc5ea7fce6becafd9ba6d1a1f17eb769ab5b5969b2d9245b1deeb7995f2ea7232c0602ff00787031ce788be30f87bc2de0ff00880f1476d19b7b8823beb708e55764809e00ec183003d00af6a9706e52a924a1bef772b7e67ced5e3ece1e22d296a96968c7fc8f8d7c5fff0004f2b1d1356965b6f135eadbc8f1a88a4b553e5a951bf90e32738c7eb5c8fc2afd93f46d33e25fd875c68f5bb69dcc685a49ad962387dae42302c412a7058038c13ce6bed3d7ef7c37ae95710794c241236d998e70b8c7d2b93d0bc05a0e9fe2d875391a5711396f2c49f2b750013d7d2b8f17c0f973ad195082dfbbdbaee7a781f1073554671af395ed6f852d7e47cd5af7ec81e0483c3fa85c26b577a62daab99535a33496a8a2e42f98d716d0b32b1ce02f9255b3bb72ed28fca7863e14f877c4d3c16fa349a75ec52b7931caa45bc31e03042f34f1c636f238272c47dd21463ea0f1efc1ab0f14fc35f1ad859dc98f50bfb683ec65db2aadf6a8cb8233fdccfe958ff07ff665f0e58d96929e25b86b8fb2c0c93246a130edb4e55bb63e61f8fb0af06bf07378a8c30f4e2a2d5dbbd96f6b7dda9f4d85e3e5f53954c4d493927a257bec9dedd75d373e51d1bf66cf889acfc40f3ad7c11e22b98a58a38c4b61a4493991c6556658e38d982ef8d8e300b796e32086c63af8674bd3545baf88ef5d6dff007618c13216038ced0180e9d01207a9eb5da7c5ef1a6bdf043f6a4d53c3fe0ff146bc342b7ba8228d1e6dcade62a12a50e50e0103a7f003c76e80fed4df192ccf92fe2490bc5f2316b0b36248e0e4b45927dcf35f012c0e1a35274ad2728c9a7a5d5efd2ce27e991cd2bca9d3acdc546718b5ad9d9abea9c65aea7ca46665156aced27be60b144ce42b3703a855dcc7f0009fc2bb1d23c1ba7db249bd44e5d42e4b7dd3907fa63f1ad51a759a8b722151f6652a9838c739fc7935f394b2ca8f5933deab9ad24ed14d9e7116e121f930c78e7d7aff004ab169a6dcdf10238d981ec3b75e6baef1378720d46112408b14a99dd81f781e7f3cd6dfece336829f1574983c531cf71a20dd25ddac0e526b85556cc6a47218920af6e30719cd694b2f6ebc68ca564ddafd08ab98a54255e11bb49bb75d0e26dfc0b792ae650225519e7ae2ade9de0b852f2117b70d141e62f9a5065953237103b91dabee6d43e1d7eccbe31f83daf5ce8da96bf61a8e8d184fed0d427204b3b198c56ec07c9be410c9803b2f04d3fc27fb317c1ef83fe1cf1c699f12bc503558ae218aeb489ec51c388cc4920955d3396cf98850e46541ec4d7d6c78325a384e128daedf368bd7af43e325c711b35529d48c93b28f23bbdb55ded74cf9abc09e01f87de18d4347f116af25f6afe1e317917b03218d62bb6495634661d412049c6784c62bebff00d963f60ff823f15fc6be23f155aeab6baf783aceed56d343be95ad2f4c8cad3c49bf04b27930c808f5619ced35f18f823e29d8683e001e17bbd2a7be369e227d721f378578fc8488c6c0f53b57a7b9fc7bcf893fb3178f7f67eb2d2bc4da67f6adb68cf68b7975a840c7c9b377b96891032f23f753403b9cb360e071d19655a50a7ed161e33846ce5657716f4fbbcba6e659d61abd57ec162e54a73568ddab4968f45bdd7756649f1dfe39c3e27f15bdc7867c27a37822c740bab71689a75b6cbab536e9e5c3be6fbc4fca4f3d4f52715c6e93f1860f027816fb4ed162d5adaf756b336b7a61bb786de58ca1cab22637a87c300c48ca8e304e6ec5fb35f8fbc49f0f24f1ad9e95a86b7a2ea57f2c1f69823f30c8ea5cef6db9c03b58e781d3b106bcbbc45a9cfa3493db5c412dadd5b652549176b21c7435e763b1988849d79c5c39968dae9d2dd363d0c060f0f382c3d3929f23b357beabbeb7dfb9a775e308ec8bdc349c83d0f735936fe3ab8b9baf3b71586220a28ff96873557c25a08d4fc45a55dea7be5d3d2649ae234e4b461c12a3dc81fad777f11a4d2fc65f12f58d66dacc59d9de5dc92db5ba8c08a32c4a83ef8af2a0eb568f3a76d76fd4f5aa430d425c8d5ddb7edaedf32b780a7bdf1e5fb5cea52cb159db9cc71a92bbd8e31f86335e9de1ed52d3c316821b38e384090c858282c5880392793c0fd4fad79e5b6b0b691848c0403d075a9878888ef5efe0abaa11bb77977feb63e6f1f879621d92b47b23d447c40947fcb73c76cf14f8fe224ca3fd793f535e5bff00092678dd9ed4eff848f2796af4d67535f68f25e450fe53e94fd973f690b5f843f1ebc3dae6b536743569ecb522623308adae6de5b6797cb1cb98bcd13050092d10c02783f40fed13fb3bfc53f06f8dbfe161781341d33c55e19b231dd6916ba4336a100dd0a3bdcc71c0019a0281c97ddb3693918014fe75af88f9196cd773e01fdac3c75f0cfc29fd81a3f896ee1d00dd2de8d2ee238af6c639d5c3895619d5d11f70cee50093927ad75e1b882504e126ececfcd35b35fe479b8be1753a91ad492e64acd35a38bdd7af9f99f777803e1ee9df1e3c5b27885756f09e8b04765f6cd7af975a91ed6d0c5fbd759125855a270a02ef662a4bb00ab835f33fc66fda257c7df116fef74edd1e9516db4d3c36559ade31b5188ea0b72d8ea3773ce6bcb3e267ed59e38f8cb6ef6fe25f11de5fd9cd72f7925a471c56b6b24f2306795a285523676600962092467ad71abe233ddb07a57a18ce2a7523ece93696eefbb7f23832fe0d5466ea57b376b24af64be7bfdc7b0afc58ba03fd60faf3fe35227c5dbb00fef07f2af1c1e23c7f1528f129fefe4fd45702cfaaff00333d3970e52fe53d8cfc5ab97da4cadf290c369c67fcff004a56f8af72dd5dbf3af1d1e2424fdf38fad28f1263a31fcc53ff00582aff00311feae52fe54763e24d1f49f1478b21d667b702f56e52e657cf32944daa0fe42b426bab09e5677850b392c4ed1c935e7fff000921c6777eb49ff09391fc7fad72c331a7194a692bbdf4dced9e5952718c252768e8bc8f318f51603ef647f2a906a249ec463bd62a5e03d49fc69ff6d04f51d3a66be01563f487873646a47000c0feb54d608d3544bc4cc73a10d9538c9aa42ef9ea3f3a53720faf1ef49d54f7085271d8f58f077ed132783be17cde184d1749bb86e2fcea524d3c4249249b1852d9ebb72fff007d91d2a0f157ed23e21f17f851344b87b48f4b48922585215e360201ce339c1fe5dc035e5ff6939efcff00b54bf6bd8392df9d77ff006be2393d9a9da36b5b6d3e4717f64e1f9fda38de57bdfccd86bfdee5cb658e4e7bf3d6baff0012fed1be31f18f86db48d4fc41a8dee9ae8b1bc12ca5c3aa32ba824e4e03282067031c77cf9cade1239cfe7486e831ebfad73d3c6d48271849a4f7f3f5369e069ce4a538a6d6d7e87a8f807f6a1f1b7c33f0e2693a3788afacf4c8d9dd6d436e8817560e769c8e4337bf279e4e78cf88dafdcfc50d7eef54d46447bdbe90cb70eab8f3189273fa9fceb045d2e3b9c51f6ce71cfe755571d52ad354aa49b8ad936ecbd028e069d2a8ead28a527bbb6e6ae9920d36d5630d9e4939ab2354c81d3f3ac3fb673f788fc68fb671f79ab28e22cac8b961f99b6fa9beba9e71edef40d4f2dd0fe7582b7633d4d48971bf907f239ab589666f0891b8353c7a8efd69c751dadd49c9ac21316e85b3efd2b653567874c8e078136632bb9003cf5c1c1c8fd456b0ad7dd9954c3a5d2e3c6a600fbc7fc6946a4003f374aa21ed4852ceca4f3b8e7007a74e7eb53adb43b4b06dc17fda247e3c7f85546727b112a515ba2da6a065701496f4c0cd489a8a32724e7d73c525b4a9636a64859c4cdcaba6303f1ddfe7deb5f50bcd2dad54aa5ec87c851279de5a3898e4b36e001c6ee80e491c64e013d314dadcc26927b194d7c4024b138f7a41a91cf2dfad2ea505ac1f342ae14a875e78c71f5c1fd3e959cd3c41ce30413c9c8e3f966b394dc5dae5469a96a91a4ba991dc9c7fb479a725fb4b22a2962cc7007524fa6319aca6b85f2c3139c718e49aee7e0de9da1f88bc4d6f6773e315f0ceb13cb1c5a559da699797f7da95c31fdd84f2576a1322aa862c1b254852016aaa5539a4a2ddbd5a5f984e9351728c5bb764dfe4999dacf8675af0fdccf0dfe97aa58cd6a14cd1dcdac90bc5b871957504679edce0e33597f6e71fdeff00beabe94f8b3f08ff00694b8b796d3c4475ef16c7a85a5bea77368b7435291a093855ced3b1df041453e66482cb961bbc2b55d1356d2754b9b5bbf0cdc585ddb4ad14f6d2594c8f6eea4868cab36e0548230dc8c73cd766269aa72b45cbe6bfc99c98694aac39959fa3bfe8bf23c7ad8921724d4d81e67e14515f2513ebe6467864faff00414f6031ff000134515466211841f4a4889279e79ff1a28a06c791f3fe7fc85121381feed14502628fbe7f0a6ab1d8393d47f334514c093a0a44fbe7f0feb4514a240e239fc054b11e57e83f9d1456b0d899176dd0346f900e149e9563473bee1d5b9503383d339a28ae8874396a6cc9ed189b81924ed638f6eb52c37124522a2c8ea922b6e50c406c16c67d68a2ba22635370b991beeee6dbf21c678ce4d5532b25d1c330c0c0c1f7a28a550a87c258d42358a4836aaaee4c9c0c679356f5040cb9201390391db2dc51455bea67f690ed3d8e11b27732104f73cd7dddff00045df02687ad6b5e26d5af346d2aef55d36e98da5e4d691c9716bb60b761e5c846e4c333118230589ef4515e9653fef74bd7f43c8ceffdc2bff87f547d3dfb4178cf58d07e207c37b9b1d5b52b2b8bcd7459dc4b05d3c6f3c06d95cc4e410590b471b6d3c6514e32057c91f153c79ae7fc2d0f127fc4e755ff0090a5d7fcbdc9ff003d9bde8a2becb15fc597afe88f88cabf830ff0feb23fffd9, '1992-12-10 00:00:00', '2017-09-25 23:51:46', 'Jaros³aw', '$2a$10$6m33jgm4MNmj0sV5P7jcn./ZjSK9.Yh1KwPSwi7qWGnpf1V2uXtqG', '235135324', 'Kamiñski', 'user@user.pl', null);
INSERT INTO `role` (`id`, `role`, `user_id`) VALUES(2, 1, 1),(8, 2, 7);
INSERT INTO `trip` (`IDTRIP`, `created`, `description`, `FREESEAT`, `FROMLAT`, `FROMLNG`, `FROMPLACE`, `TOLAT`, `TOLNG`, `TOPLACE`, `distance`, `duration`, `endDate`, `isTaxiTrip`, `price`, `taxiPrice`, `time`, `DATE`, `owner_id`) VALUES(1, '2017-09-25 23:47:50', 'Ch?tnie kogo? zabior?.', 2, '53.1164578', '23.144865600000003', 'Wiejska 60, 15-351 Bia?ystok', '53.1390596', '23.170643499999983', 'Sienkiewicza 82, Bia³ystok', 3630, 652, '2017-11-23 23:57', b'1', '', '14.7', '11 min', '2017-11-23 23:47:00', 1),(4, '2017-09-25 23:49:59', 'Zapraszam!', 1, '53.1191167', '23.144830400000046', 'Przek?tna 8, Bia?ystok', '53.135714', '23.166683799999987', 'Warszawska 6, 15-062 Bia?ystok', 3576, 583, '2017-09-26 00:12', b'0', '5', '14.6', '10 min', '2017-09-26 00:03:00', 1),(15, '2017-09-26 00:15:17', '', 4, '53.1252823', '23.129294800000025', 'Miko?aja Kopernika 61, Bia?ystok', '53.135714', '23.166683799999987', 'Warszawska 6, 15-062 Bia?ystok', 3721, 567, '2017-10-28 00:28', b'0', '4', '14.9', '9 min', '2017-10-28 00:19:00', 1);
INSERT INTO `tripsd` (`IDTRIP`, `created`, `description`, `FREESEAT`, `FROMLAT`, `FROMLNG`, `FROMPLACE`, `TOLAT`, `TOLNG`, `TOPLACE`, `dateBegin`, `dateEnd`, `owner_id`) VALUES(14, '2017-09-26 00:14:23', NULL, 1, '53.1234676', '23.12254800000005', 'Miko³aja Kopernika 68, 15-367 Bia?ystok, Polska', '53.135714', '23.166683799999987', 'Warszawska 6, 15-062 Bia³ystok, Polska', '2017-10-27 02:00:00', '2017-10-28 02:00:00', 7);
INSERT INTO `chat` (`id`, `trip_id`) VALUES(2, 1),(5, 4),(16, 15);
INSERT INTO `message` (`id`, `contents`, `DATE`, `author_id`, `chat_id`) VALUES(6, 'Witam.', '2017-09-25 23:50:28', 1, 5),(10, 'Czy mog? wzi?? walizk??', '2017-09-25 23:54:25', 7, 5);
INSERT INTO `notification` (`id`, `confirmed`, `created`, `type`, `informed_id`, `trip_IDTRIP`) VALUES(12, b'0', '2017-09-25 23:55:57', 'tripUpdated', 7, 1),(17, b'0', '2017-09-26 00:15:17', 'similarTrip', 7, 15);
INSERT INTO `reservation` (`id`, `isConfirmed`, `traveler_id`, `trip_IDTRIP`) VALUES(9, b'1', 7, 4),(11, b'1', 7, 1);
INSERT INTO `taxi` (`id`, `created`, `name`, `phoneNumber`) VALUES(3, '2017-09-25 23:48:58', 'TheBestTaxi', '210123456');
INSERT INTO `userrating` (`id`, `rating`, `author_id`, `trip_IDTRIP`, `user_id`) VALUES(13, 4, 7, 4, 1);
INSERT INTO `user_trip` (`trip_id`, `user_id`) VALUES(1, 7),(4, 7);
UPDATE `hibernate_sequence` SET `next_val`=30 WHERE 1;

